begin; 
set transaction read write;

DROP TABLE IF EXISTS "public"."albums" CASCADE;
CREATE TABLE "public"."albums" ("id" BIGSERIAL NOT NULL, "artiestid" BIGINT NOT NULL, "gebruikerid" BIGINT NOT NULL, "naam" VARCHAR(255)  NOT NULL, "score" BIGINT DEFAULT 0 NOT NULL);
ALTER SEQUENCE "public"."albums_id_seq" RESTART WITH 24 INCREMENT BY 1;
DROP INDEX IF EXISTS "PRIMARY";
ALTER TABLE "public"."albums" ADD CONSTRAINT "PRIMARY" PRIMARY KEY ("id");
DROP INDEX IF EXISTS "albumsArtiesten";
CREATE INDEX "albumsArtiesten" ON "public"."albums" ("artiestid");
DROP INDEX IF EXISTS "albumsGebruikers";
CREATE INDEX "albumsGebruikers" ON "public"."albums" ("gebruikerid");

INSERT INTO "public"."albums"("id", "artiestid", "gebruikerid", "naam", "score") VALUES (1, 1, 1, 'Retro - John McCready FAN', 0);
INSERT INTO "public"."albums"("id", "artiestid", "gebruikerid", "naam", "score") VALUES (2, 1, 1, 'Substance (Disc 2)', 0);
INSERT INTO "public"."albums"("id", "artiestid", "gebruikerid", "naam", "score") VALUES (3, 1, 1, 'Retro - Miranda Sawyer POP', 0);
INSERT INTO "public"."albums"("id", "artiestid", "gebruikerid", "naam", "score") VALUES (4, 1, 1, 'Retro - New Order / Bobby Gillespie LIVE', 0);
INSERT INTO "public"."albums"("id", "artiestid", "gebruikerid", "naam", "score") VALUES (5, 1, 1, 'Power, Corruption & Lies', 0);
INSERT INTO "public"."albums"("id", "artiestid", "gebruikerid", "naam", "score") VALUES (6, 1, 1, 'Substance 1987 (Disc 1)', 0);
INSERT INTO "public"."albums"("id", "artiestid", "gebruikerid", "naam", "score") VALUES (7, 1, 1, 'Brotherhood', 0);
INSERT INTO "public"."albums"("id", "artiestid", "gebruikerid", "naam", "score") VALUES (8, 2, 1, 'Let Love In', 0);
INSERT INTO "public"."albums"("id", "artiestid", "gebruikerid", "naam", "score") VALUES (9, 3, 1, 'Live Around The World', 0);
INSERT INTO "public"."albums"("id", "artiestid", "gebruikerid", "naam", "score") VALUES (10, 3, 1, 'In A Silent Way', 0);
INSERT INTO "public"."albums"("id", "artiestid", "gebruikerid", "naam", "score") VALUES (11, 4, 1, 'Exile On Main Street', 6);
INSERT INTO "public"."albums"("id", "artiestid", "gebruikerid", "naam", "score") VALUES (12, 5, 1, 'Second Coming', 0);
INSERT INTO "public"."albums"("id", "artiestid", "gebruikerid", "naam", "score") VALUES (13, 6, 1, 'Light Years', 0);
INSERT INTO "public"."albums"("id", "artiestid", "gebruikerid", "naam", "score") VALUES (14, 7, 2, 'The Wall', 10);
INSERT INTO "public"."albums"("id", "artiestid", "gebruikerid", "naam", "score") VALUES (15, 8, 2, 'Led Zeppelin IV', 10);
INSERT INTO "public"."albums"("id", "artiestid", "gebruikerid", "naam", "score") VALUES (16, 7, 2, 'Dark Side of the Moon', 9);
INSERT INTO "public"."albums"("id", "artiestid", "gebruikerid", "naam", "score") VALUES (17, 9, 2, 'Machine Head', 9);
INSERT INTO "public"."albums"("id", "artiestid", "gebruikerid", "naam", "score") VALUES (18, 10, 2, 'Paranoid', 8);
INSERT INTO "public"."albums"("id", "artiestid", "gebruikerid", "naam", "score") VALUES (19, 11, 2, 'Slip of the Tongue', 8);
INSERT INTO "public"."albums"("id", "artiestid", "gebruikerid", "naam", "score") VALUES (20, 12, 2, 'Back in Black', 8);
INSERT INTO "public"."albums"("id", "artiestid", "gebruikerid", "naam", "score") VALUES (21, 13, 2, 'Number Of The Beast', 8);
INSERT INTO "public"."albums"("id", "artiestid", "gebruikerid", "naam", "score") VALUES (22, 14, 2, 'Black Album', 8);
INSERT INTO "public"."albums"("id", "artiestid", "gebruikerid", "naam", "score") VALUES (23, 15, 2, 'Appetite For Destruction', 7);

DROP TABLE IF EXISTS "public"."artiesten" CASCADE;
CREATE TABLE "public"."artiesten" ("id" BIGSERIAL NOT NULL, "naam" VARCHAR(255) NOT NULL UNIQUE);
ALTER SEQUENCE "public"."artiesten_id_seq" RESTART WITH 16 INCREMENT BY 1;
DROP INDEX IF EXISTS "PRIMARY00000";
ALTER TABLE "public"."artiesten" ADD CONSTRAINT "PRIMARY00000" PRIMARY KEY ("id");

INSERT INTO "public"."artiesten"("id", "naam") VALUES (1, 'New Order');
INSERT INTO "public"."artiesten"("id", "naam") VALUES (2, 'Nick Cave & The Bad Seeds');
INSERT INTO "public"."artiesten"("id", "naam") VALUES (3, 'Miles Davis');
INSERT INTO "public"."artiesten"("id", "naam") VALUES (4, 'The Rolling Stones');
INSERT INTO "public"."artiesten"("id", "naam") VALUES (5, 'The Stone Roses');
INSERT INTO "public"."artiesten"("id", "naam") VALUES (6, 'Kylie Minogue');
INSERT INTO "public"."artiesten"("id", "naam") VALUES (7, 'Pink Floyd');
INSERT INTO "public"."artiesten"("id", "naam") VALUES (8, 'Led Zeppelin');
INSERT INTO "public"."artiesten"("id", "naam") VALUES (9, 'Deep Purple');
INSERT INTO "public"."artiesten"("id", "naam") VALUES (10, 'Black Sabbath');
INSERT INTO "public"."artiesten"("id", "naam") VALUES (11, 'Whitesnake');
INSERT INTO "public"."artiesten"("id", "naam") VALUES (12, 'AC/DC');
INSERT INTO "public"."artiesten"("id", "naam") VALUES (13, 'Iron Maiden');
INSERT INTO "public"."artiesten"("id", "naam") VALUES (14, 'Metallica');
INSERT INTO "public"."artiesten"("id", "naam") VALUES (15, 'Guns N'' Roses');


DROP TABLE IF EXISTS "public"."gebruikers" CASCADE;
CREATE TABLE "public"."gebruikers" ("id" BIGSERIAL NOT NULL, "naam" VARCHAR(50)  NOT NULL, "paswoord" VARCHAR(100)  NOT NULL);
ALTER SEQUENCE "public"."gebruikers_id_seq" RESTART WITH 3 INCREMENT BY 1;
DROP INDEX IF EXISTS "PRIMARY00001";
ALTER TABLE "public"."gebruikers" ADD CONSTRAINT "PRIMARY00001" PRIMARY KEY ("id");

INSERT INTO "public"."gebruikers"("id", "naam", "paswoord") VALUES (1, 'Hans', '{noop}123abc');
INSERT INTO "public"."gebruikers"("id", "naam", "paswoord") VALUES (2, 'Haluk', '{noop}123abc');

DROP TABLE IF EXISTS "public"."tracks" CASCADE;
CREATE TABLE "public"."tracks" ("albumid" BIGINT NOT NULL, "naam" VARCHAR(255)  NOT NULL, "tijd" TIME);
DROP INDEX IF EXISTS "tracksAlbums";
CREATE INDEX "tracksAlbums" ON "public"."tracks" ("albumid");

INSERT INTO "public"."tracks"("albumid", "naam", "tijd") VALUES (1, 'Elegia', '00:04:53');
INSERT INTO "public"."tracks"("albumid", "naam", "tijd") VALUES (1, 'In A Lonely Place', '00:06:26');
INSERT INTO "public"."tracks"("albumid", "naam", "tijd") VALUES (1, 'Procession', '00:04:47');
INSERT INTO "public"."tracks"("albumid", "naam", "tijd") VALUES (1, 'Your Silent Face', '00:05:59');
INSERT INTO "public"."tracks"("albumid", "naam", "tijd") VALUES (1, 'Sunrise', '00:06:01');
INSERT INTO "public"."tracks"("albumid", "naam", "tijd") VALUES (1, 'Let''s Go', '00:03:09');
INSERT INTO "public"."tracks"("albumid", "naam", "tijd") VALUES (1, 'Broken Promise', '00:03:56');
INSERT INTO "public"."tracks"("albumid", "naam", "tijd") VALUES (1, 'Dreams Never End', '00:03:02');
INSERT INTO "public"."tracks"("albumid", "naam", "tijd") VALUES (1, 'Cries And Whispers', '00:03:42');
INSERT INTO "public"."tracks"("albumid", "naam", "tijd") VALUES (1, 'All Day Long', '00:05:18');
INSERT INTO "public"."tracks"("albumid", "naam", "tijd") VALUES (1, 'Sooner Than You Think', '00:05:21');
INSERT INTO "public"."tracks"("albumid", "naam", "tijd") VALUES (1, 'Leave Me Alone', '00:04:57');
INSERT INTO "public"."tracks"("albumid", "naam", "tijd") VALUES (1, 'Lonesome Tonight', '00:05:19');
INSERT INTO "public"."tracks"("albumid", "naam", "tijd") VALUES (1, 'Every Little Counts', '00:04:47');
INSERT INTO "public"."tracks"("albumid", "naam", "tijd") VALUES (1, 'Run Wild', '00:03:55');
INSERT INTO "public"."tracks"("albumid", "naam", "tijd") VALUES (2, 'In A Lonely Place', '00:06:03');
INSERT INTO "public"."tracks"("albumid", "naam", "tijd") VALUES (2, 'Procession', '00:04:46');
INSERT INTO "public"."tracks"("albumid", "naam", "tijd") VALUES (2, 'Mesh', '00:03:44');
INSERT INTO "public"."tracks"("albumid", "naam", "tijd") VALUES (2, 'Hurt', '00:06:58');
INSERT INTO "public"."tracks"("albumid", "naam", "tijd") VALUES (2, 'The Beach', '00:07:32');
INSERT INTO "public"."tracks"("albumid", "naam", "tijd") VALUES (2, 'Confusion', '00:07:54');
INSERT INTO "public"."tracks"("albumid", "naam", "tijd") VALUES (2, 'Lonesome Tonight', '00:05:20');
INSERT INTO "public"."tracks"("albumid", "naam", "tijd") VALUES (2, 'Murder', '00:03:53');
INSERT INTO "public"."tracks"("albumid", "naam", "tijd") VALUES (2, 'Thieves Like Us', '00:06:55');
INSERT INTO "public"."tracks"("albumid", "naam", "tijd") VALUES (2, 'Kiss Of Death', '00:07:05');
INSERT INTO "public"."tracks"("albumid", "naam", "tijd") VALUES (2, 'Shame Of The Nation', '00:07:51');
INSERT INTO "public"."tracks"("albumid", "naam", "tijd") VALUES (2, '1963', '00:05:53');
INSERT INTO "public"."tracks"("albumid", "naam", "tijd") VALUES (3, 'Fine Time', '00:04:51');
INSERT INTO "public"."tracks"("albumid", "naam", "tijd") VALUES (3, 'Temptation', '00:08:51');
INSERT INTO "public"."tracks"("albumid", "naam", "tijd") VALUES (3, 'True Faith', '00:05:58');
INSERT INTO "public"."tracks"("albumid", "naam", "tijd") VALUES (3, 'The Perfect Kiss', '00:04:53');
INSERT INTO "public"."tracks"("albumid", "naam", "tijd") VALUES (3, 'Ceremony', '00:04:41');
INSERT INTO "public"."tracks"("albumid", "naam", "tijd") VALUES (3, 'Regret', '00:04:14');
INSERT INTO "public"."tracks"("albumid", "naam", "tijd") VALUES (3, 'Crystal', '00:06:53');
INSERT INTO "public"."tracks"("albumid", "naam", "tijd") VALUES (3, 'Bizarre Love Triangle', '00:04:35');
INSERT INTO "public"."tracks"("albumid", "naam", "tijd") VALUES (3, 'Confusion', '00:08:22');
INSERT INTO "public"."tracks"("albumid", "naam", "tijd") VALUES (3, 'Round And Round', '00:04:52');
INSERT INTO "public"."tracks"("albumid", "naam", "tijd") VALUES (3, 'Blue Monday', '00:07:48');
INSERT INTO "public"."tracks"("albumid", "naam", "tijd") VALUES (3, 'Brutal', '00:04:53');
INSERT INTO "public"."tracks"("albumid", "naam", "tijd") VALUES (3, 'Slow Jam', '00:04:58');
INSERT INTO "public"."tracks"("albumid", "naam", "tijd") VALUES (3, 'Everyone Everywhere', '00:04:43');
INSERT INTO "public"."tracks"("albumid", "naam", "tijd") VALUES (4, 'Ceremony [Studio 54, Barcelona 7/7/84]', '00:04:52');
INSERT INTO "public"."tracks"("albumid", "naam", "tijd") VALUES (4, 'Procession [Polytechnic of Central London, London 6/12/85]', '00:03:57');
INSERT INTO "public"."tracks"("albumid", "naam", "tijd") VALUES (4, 'Everything''s Gone Green [Tolworth Recreation Centre, London 12/3/85]', '00:05:25');
INSERT INTO "public"."tracks"("albumid", "naam", "tijd") VALUES (4, 'In A Lonely Place [Glastonbury Festival 20/6/81]', '00:05:55');
INSERT INTO "public"."tracks"("albumid", "naam", "tijd") VALUES (4, 'Age Of Consent [Spectrum Arena, Warrington 1/3/86]', '00:05:04');
INSERT INTO "public"."tracks"("albumid", "naam", "tijd") VALUES (4, 'Elegia [Glastonbury Festival 19/6/87]', '00:04:57');
INSERT INTO "public"."tracks"("albumid", "naam", "tijd") VALUES (4, 'The Perfect Kiss [Glastonbury Festival 19/6/87]', '00:09:53');
INSERT INTO "public"."tracks"("albumid", "naam", "tijd") VALUES (4, 'Fine Time [Popular Creek Music Theatre, Chicago 30/6/89]', '00:05:04');
INSERT INTO "public"."tracks"("albumid", "naam", "tijd") VALUES (4, 'World [Starplex Amphitheatre, Dallas 21/7/93]', '00:04:51');
INSERT INTO "public"."tracks"("albumid", "naam", "tijd") VALUES (4, 'Regret [Reading Festival 29/8/93]', '00:04:03');
INSERT INTO "public"."tracks"("albumid", "naam", "tijd") VALUES (4, 'As It Is When It Was [Reading Festival 29/8/93]', '00:03:08');
INSERT INTO "public"."tracks"("albumid", "naam", "tijd") VALUES (4, 'Intermission By Alan Wise [Olympia, Paris 12/11/01]', '00:01:34');
INSERT INTO "public"."tracks"("albumid", "naam", "tijd") VALUES (4, 'Crystal [Big Day Out, Gold Coast 20/1/02]', '00:06:56');
INSERT INTO "public"."tracks"("albumid", "naam", "tijd") VALUES (4, 'Turn My Way [Olympia, Liverpool 18/7/01]', '00:04:56');
INSERT INTO "public"."tracks"("albumid", "naam", "tijd") VALUES (4, 'Temptation [Big Day Out, Gold Coast 20/1/02]', '00:07:59');
INSERT INTO "public"."tracks"("albumid", "naam", "tijd") VALUES (5, 'Age Of Consent', '00:05:26');
INSERT INTO "public"."tracks"("albumid", "naam", "tijd") VALUES (5, 'We All Stand', '00:05:24');
INSERT INTO "public"."tracks"("albumid", "naam", "tijd") VALUES (5, 'The Village', '00:04:52');
INSERT INTO "public"."tracks"("albumid", "naam", "tijd") VALUES (5, '5 8 6', '00:07:52');
INSERT INTO "public"."tracks"("albumid", "naam", "tijd") VALUES (5, 'Your Silent Face', '00:06:00');
INSERT INTO "public"."tracks"("albumid", "naam", "tijd") VALUES (5, 'Ultraviolence', '00:04:57');
INSERT INTO "public"."tracks"("albumid", "naam", "tijd") VALUES (5, 'Ecstasy', '00:04:42');
INSERT INTO "public"."tracks"("albumid", "naam", "tijd") VALUES (5, 'Leave Me Alone', '00:04:59');
INSERT INTO "public"."tracks"("albumid", "naam", "tijd") VALUES (6, 'Ceremony', '00:04:42');
INSERT INTO "public"."tracks"("albumid", "naam", "tijd") VALUES (6, 'Everything''s Gone Green', '00:05:51');
INSERT INTO "public"."tracks"("albumid", "naam", "tijd") VALUES (6, 'Temptation', '00:06:59');
INSERT INTO "public"."tracks"("albumid", "naam", "tijd") VALUES (6, 'Blue Monday', '00:07:49');
INSERT INTO "public"."tracks"("albumid", "naam", "tijd") VALUES (6, 'Confusion', '00:04:52');
INSERT INTO "public"."tracks"("albumid", "naam", "tijd") VALUES (6, 'Thieves Like Us', '00:06:51');
INSERT INTO "public"."tracks"("albumid", "naam", "tijd") VALUES (6, 'Perfect Kiss', '00:08:04');
INSERT INTO "public"."tracks"("albumid", "naam", "tijd") VALUES (6, 'Subculture', '00:04:50');
INSERT INTO "public"."tracks"("albumid", "naam", "tijd") VALUES (6, 'Shellshock', '00:06:48');
INSERT INTO "public"."tracks"("albumid", "naam", "tijd") VALUES (6, 'State of the Nation', '00:06:54');
INSERT INTO "public"."tracks"("albumid", "naam", "tijd") VALUES (6, 'Bizarre Love Triangle', '00:06:54');
INSERT INTO "public"."tracks"("albumid", "naam", "tijd") VALUES (6, 'True Faith', '00:05:53');
INSERT INTO "public"."tracks"("albumid", "naam", "tijd") VALUES (7, 'State of the Nation', '00:06:56');
INSERT INTO "public"."tracks"("albumid", "naam", "tijd") VALUES (7, 'Every Little Counts', '00:04:48');
INSERT INTO "public"."tracks"("albumid", "naam", "tijd") VALUES (7, 'Angel Dust', '00:03:53');
INSERT INTO "public"."tracks"("albumid", "naam", "tijd") VALUES (7, 'All Day Long', '00:05:21');
INSERT INTO "public"."tracks"("albumid", "naam", "tijd") VALUES (7, 'Bizarre Love Triangle', '00:04:37');
INSERT INTO "public"."tracks"("albumid", "naam", "tijd") VALUES (7, 'Way of Life', '00:04:11');
INSERT INTO "public"."tracks"("albumid", "naam", "tijd") VALUES (7, 'Broken Promise', '00:03:50');
INSERT INTO "public"."tracks"("albumid", "naam", "tijd") VALUES (7, 'As It Is When It Was', '00:03:57');
INSERT INTO "public"."tracks"("albumid", "naam", "tijd") VALUES (7, 'Weirdo', '00:03:59');
INSERT INTO "public"."tracks"("albumid", "naam", "tijd") VALUES (7, 'Paradise', '00:03:56');
INSERT INTO "public"."tracks"("albumid", "naam", "tijd") VALUES (8, 'Do You Love Me?', '00:05:55');
INSERT INTO "public"."tracks"("albumid", "naam", "tijd") VALUES (8, 'Nobody''s Baby Now', '00:03:57');
INSERT INTO "public"."tracks"("albumid", "naam", "tijd") VALUES (8, 'Loverman', '00:06:37');
INSERT INTO "public"."tracks"("albumid", "naam", "tijd") VALUES (8, 'Jangling Jack', '00:02:58');
INSERT INTO "public"."tracks"("albumid", "naam", "tijd") VALUES (8, 'Red Right Hand', '00:06:18');
INSERT INTO "public"."tracks"("albumid", "naam", "tijd") VALUES (8, 'I Let Love In', '00:04:25');
INSERT INTO "public"."tracks"("albumid", "naam", "tijd") VALUES (8, 'Thirsty Dog', '00:03:51');
INSERT INTO "public"."tracks"("albumid", "naam", "tijd") VALUES (8, 'Ain''t Gonna Rain Anymore', '00:03:57');
INSERT INTO "public"."tracks"("albumid", "naam", "tijd") VALUES (8, 'Lay Me Low', '00:05:15');
INSERT INTO "public"."tracks"("albumid", "naam", "tijd") VALUES (8, 'Do You Love Me? (Part Two)', '00:06:23');
INSERT INTO "public"."tracks"("albumid", "naam", "tijd") VALUES (9, 'In A Silent Way', '00:01:51');
INSERT INTO "public"."tracks"("albumid", "naam", "tijd") VALUES (9, 'Intruder', '00:04:57');
INSERT INTO "public"."tracks"("albumid", "naam", "tijd") VALUES (9, 'New Blues', '00:05:58');
INSERT INTO "public"."tracks"("albumid", "naam", "tijd") VALUES (9, 'Human Nature', '00:12:50');
INSERT INTO "public"."tracks"("albumid", "naam", "tijd") VALUES (9, 'Mr. Pastorius', '00:03:54');
INSERT INTO "public"."tracks"("albumid", "naam", "tijd") VALUES (9, 'Amandla', '00:05:57');
INSERT INTO "public"."tracks"("albumid", "naam", "tijd") VALUES (9, 'Wrinkle', '00:07:28');
INSERT INTO "public"."tracks"("albumid", "naam", "tijd") VALUES (9, 'Tutu', '00:08:59');
INSERT INTO "public"."tracks"("albumid", "naam", "tijd") VALUES (9, 'Full Nelson', '00:02:51');
INSERT INTO "public"."tracks"("albumid", "naam", "tijd") VALUES (9, 'Time After Time', '00:09:58');
INSERT INTO "public"."tracks"("albumid", "naam", "tijd") VALUES (9, 'Hannibal', '00:07:37');
INSERT INTO "public"."tracks"("albumid", "naam", "tijd") VALUES (10, 'Shhh/Peaceful', '00:16:57');
INSERT INTO "public"."tracks"("albumid", "naam", "tijd") VALUES (10, 'In A Silent Way/It''s About That Time', '00:16:57');
INSERT INTO "public"."tracks"("albumid", "naam", "tijd") VALUES (11, 'Rocks Off', '00:04:54');
INSERT INTO "public"."tracks"("albumid", "naam", "tijd") VALUES (11, 'Rip This Joint', '00:02:38');
INSERT INTO "public"."tracks"("albumid", "naam", "tijd") VALUES (11, 'Shake Your Hips', '00:03:00');
INSERT INTO "public"."tracks"("albumid", "naam", "tijd") VALUES (11, 'Casino Boogie', '00:03:57');
INSERT INTO "public"."tracks"("albumid", "naam", "tijd") VALUES (11, 'Tumbling Dice', '00:03:59');
INSERT INTO "public"."tracks"("albumid", "naam", "tijd") VALUES (11, 'Sweet Virginia', '00:04:44');
INSERT INTO "public"."tracks"("albumid", "naam", "tijd") VALUES (11, 'Torn & Frayed', '00:04:54');
INSERT INTO "public"."tracks"("albumid", "naam", "tijd") VALUES (11, 'Sweet Black Angel', '00:02:57');
INSERT INTO "public"."tracks"("albumid", "naam", "tijd") VALUES (11, 'Loving Cup', '00:04:43');
INSERT INTO "public"."tracks"("albumid", "naam", "tijd") VALUES (11, 'Happy', '00:03:08');
INSERT INTO "public"."tracks"("albumid", "naam", "tijd") VALUES (11, 'Turd On The Run', '00:02:54');
INSERT INTO "public"."tracks"("albumid", "naam", "tijd") VALUES (11, 'Ventilator Blues', '00:03:40');
INSERT INTO "public"."tracks"("albumid", "naam", "tijd") VALUES (11, 'I Just Want To See His Face', '00:02:50');
INSERT INTO "public"."tracks"("albumid", "naam", "tijd") VALUES (11, 'Let It Loose', '00:05:31');
INSERT INTO "public"."tracks"("albumid", "naam", "tijd") VALUES (11, 'All Down The Line', '00:03:54');
INSERT INTO "public"."tracks"("albumid", "naam", "tijd") VALUES (11, 'Stop Breaking Down', '00:04:57');
INSERT INTO "public"."tracks"("albumid", "naam", "tijd") VALUES (11, 'Shine A Light', '00:04:28');
INSERT INTO "public"."tracks"("albumid", "naam", "tijd") VALUES (11, 'Soul Survivor', '00:03:52');
INSERT INTO "public"."tracks"("albumid", "naam", "tijd") VALUES (12, 'Breaking Into Heaven', '00:11:37');
INSERT INTO "public"."tracks"("albumid", "naam", "tijd") VALUES (12, 'Driving South', '00:05:17');
INSERT INTO "public"."tracks"("albumid", "naam", "tijd") VALUES (12, 'Ten Storey Love Song', '00:04:50');
INSERT INTO "public"."tracks"("albumid", "naam", "tijd") VALUES (12, 'Daybreak', '00:06:56');
INSERT INTO "public"."tracks"("albumid", "naam", "tijd") VALUES (12, 'Your Star Will Shine', '00:02:59');
INSERT INTO "public"."tracks"("albumid", "naam", "tijd") VALUES (12, 'Straight To The Man', '00:03:26');
INSERT INTO "public"."tracks"("albumid", "naam", "tijd") VALUES (12, 'Begging You', '00:04:54');
INSERT INTO "public"."tracks"("albumid", "naam", "tijd") VALUES (12, 'Tightrope', '00:04:45');
INSERT INTO "public"."tracks"("albumid", "naam", "tijd") VALUES (12, 'Good Times', '00:05:57');
INSERT INTO "public"."tracks"("albumid", "naam", "tijd") VALUES (12, 'Tears', '00:06:54');
INSERT INTO "public"."tracks"("albumid", "naam", "tijd") VALUES (12, 'How Do You Sleep', '00:04:59');
INSERT INTO "public"."tracks"("albumid", "naam", "tijd") VALUES (12, 'Love Spreads', '00:05:59');
INSERT INTO "public"."tracks"("albumid", "naam", "tijd") VALUES (12, 'Untitled', '00:06:43');
INSERT INTO "public"."tracks"("albumid", "naam", "tijd") VALUES (13, 'Spinning Around', '00:03:46');
INSERT INTO "public"."tracks"("albumid", "naam", "tijd") VALUES (13, 'On A Night Like This', '00:03:55');
INSERT INTO "public"."tracks"("albumid", "naam", "tijd") VALUES (13, 'So Now Goodbye', '00:03:52');
INSERT INTO "public"."tracks"("albumid", "naam", "tijd") VALUES (13, 'Disco Down', '00:03:56');
INSERT INTO "public"."tracks"("albumid", "naam", "tijd") VALUES (13, 'Loveboat', '00:04:18');
INSERT INTO "public"."tracks"("albumid", "naam", "tijd") VALUES (13, 'Koocachoo', '00:04:00');
INSERT INTO "public"."tracks"("albumid", "naam", "tijd") VALUES (13, 'Your Disco Needs You', '00:03:56');
INSERT INTO "public"."tracks"("albumid", "naam", "tijd") VALUES (13, 'Please Stay', '00:04:14');
INSERT INTO "public"."tracks"("albumid", "naam", "tijd") VALUES (13, 'Bittersweet Goodbye', '00:03:52');
INSERT INTO "public"."tracks"("albumid", "naam", "tijd") VALUES (13, 'Butterfly', '00:04:16');
INSERT INTO "public"."tracks"("albumid", "naam", "tijd") VALUES (13, 'Under The Influence Of Love', '00:03:40');
INSERT INTO "public"."tracks"("albumid", "naam", "tijd") VALUES (13, 'I''m So High', '00:03:55');
INSERT INTO "public"."tracks"("albumid", "naam", "tijd") VALUES (13, 'Kids', '00:04:34');
INSERT INTO "public"."tracks"("albumid", "naam", "tijd") VALUES (14, 'In The Flesh?', '00:03:16');
INSERT INTO "public"."tracks"("albumid", "naam", "tijd") VALUES (14, 'The Thin Ice', '00:02:27');
INSERT INTO "public"."tracks"("albumid", "naam", "tijd") VALUES (14, 'Another Brick In The Wall, Part 1', '00:03:11');
INSERT INTO "public"."tracks"("albumid", "naam", "tijd") VALUES (14, 'The Happiest Days Of Our Lives', '00:01:46');
INSERT INTO "public"."tracks"("albumid", "naam", "tijd") VALUES (14, 'Another Brick In The Wall, Part 2', '00:03:59');
INSERT INTO "public"."tracks"("albumid", "naam", "tijd") VALUES (14, 'Mother', '00:05:32');
INSERT INTO "public"."tracks"("albumid", "naam", "tijd") VALUES (14, 'Goodbye Blue Sky', '00:02:45');
INSERT INTO "public"."tracks"("albumid", "naam", "tijd") VALUES (14, 'Empty Spaces', '00:02:10');
INSERT INTO "public"."tracks"("albumid", "naam", "tijd") VALUES (14, 'Young Lust', '00:03:25');
INSERT INTO "public"."tracks"("albumid", "naam", "tijd") VALUES (14, 'One Of My Turns', '00:03:41');
INSERT INTO "public"."tracks"("albumid", "naam", "tijd") VALUES (14, 'Don''t Leave Me Now', '00:04:08');
INSERT INTO "public"."tracks"("albumid", "naam", "tijd") VALUES (14, 'Another Brick In The Wall, Part 3', '00:01:18');
INSERT INTO "public"."tracks"("albumid", "naam", "tijd") VALUES (14, 'Goodbye Cruel World', '00:01:16');
INSERT INTO "public"."tracks"("albumid", "naam", "tijd") VALUES (14, 'Hey You', '00:04:40');
INSERT INTO "public"."tracks"("albumid", "naam", "tijd") VALUES (14, 'Is There Anybody Out There?', '00:02:44');
INSERT INTO "public"."tracks"("albumid", "naam", "tijd") VALUES (14, 'Nobody Home', '00:03:26');
INSERT INTO "public"."tracks"("albumid", "naam", "tijd") VALUES (14, 'Vera', '00:01:35');
INSERT INTO "public"."tracks"("albumid", "naam", "tijd") VALUES (14, 'Bring The Boys Back Home', '00:01:21');
INSERT INTO "public"."tracks"("albumid", "naam", "tijd") VALUES (14, 'Comfortably Numb', '00:06:23');
INSERT INTO "public"."tracks"("albumid", "naam", "tijd") VALUES (14, 'The Show Must Go On', '00:01:36');
INSERT INTO "public"."tracks"("albumid", "naam", "tijd") VALUES (14, 'In The Flesh', '00:04:15');
INSERT INTO "public"."tracks"("albumid", "naam", "tijd") VALUES (14, 'Run Like Hell', '00:04:23');
INSERT INTO "public"."tracks"("albumid", "naam", "tijd") VALUES (14, 'Waiting For The Worms', '00:03:59');
INSERT INTO "public"."tracks"("albumid", "naam", "tijd") VALUES (14, 'Stop', '00:00:30');
INSERT INTO "public"."tracks"("albumid", "naam", "tijd") VALUES (14, 'The Trial', '00:05:13');
INSERT INTO "public"."tracks"("albumid", "naam", "tijd") VALUES (14, 'Outside The Wall', '00:01:41');
INSERT INTO "public"."tracks"("albumid", "naam", "tijd") VALUES (15, 'Black Dog', '00:04:55');
INSERT INTO "public"."tracks"("albumid", "naam", "tijd") VALUES (15, 'Rock and Roll', '00:03:40');
INSERT INTO "public"."tracks"("albumid", "naam", "tijd") VALUES (15, 'The Battle of Evermore', '00:05:38');
INSERT INTO "public"."tracks"("albumid", "naam", "tijd") VALUES (15, 'Stairway to Heaven', '00:07:55');
INSERT INTO "public"."tracks"("albumid", "naam", "tijd") VALUES (15, 'Misty Mountain Hop', '00:04:39');
INSERT INTO "public"."tracks"("albumid", "naam", "tijd") VALUES (15, 'Four Sticks', '00:04:49');
INSERT INTO "public"."tracks"("albumid", "naam", "tijd") VALUES (15, 'Going to California', '00:03:36');
INSERT INTO "public"."tracks"("albumid", "naam", "tijd") VALUES (15, 'When the Levee Breaks', '00:07:08');
INSERT INTO "public"."tracks"("albumid", "naam", "tijd") VALUES (16, 'Speak to Me', '00:01:05');
INSERT INTO "public"."tracks"("albumid", "naam", "tijd") VALUES (16, 'Breathe" (In the Air)', '00:02:49');
INSERT INTO "public"."tracks"("albumid", "naam", "tijd") VALUES (16, 'On the Run', '00:03:45');
INSERT INTO "public"."tracks"("albumid", "naam", "tijd") VALUES (16, 'Time', '00:06:53');
INSERT INTO "public"."tracks"("albumid", "naam", "tijd") VALUES (16, 'The Great Gig in the Sky', '00:04:43');
INSERT INTO "public"."tracks"("albumid", "naam", "tijd") VALUES (16, 'Money', '00:06:22');
INSERT INTO "public"."tracks"("albumid", "naam", "tijd") VALUES (16, 'Us and Them', '00:07:49');
INSERT INTO "public"."tracks"("albumid", "naam", "tijd") VALUES (16, 'Any Colour You Like', '00:03:26');
INSERT INTO "public"."tracks"("albumid", "naam", "tijd") VALUES (16, 'Brain Damage', '00:03:46');
INSERT INTO "public"."tracks"("albumid", "naam", "tijd") VALUES (16, 'Eclipse', '00:02:12');
INSERT INTO "public"."tracks"("albumid", "naam", "tijd") VALUES (17, 'Highway Star', '00:06:05');
INSERT INTO "public"."tracks"("albumid", "naam", "tijd") VALUES (17, 'Maybe I''m a Leo', '00:04:51');
INSERT INTO "public"."tracks"("albumid", "naam", "tijd") VALUES (17, 'Pictures of Home', '00:05:03');
INSERT INTO "public"."tracks"("albumid", "naam", "tijd") VALUES (17, 'Never Before', '00:03:56');
INSERT INTO "public"."tracks"("albumid", "naam", "tijd") VALUES (17, 'Smoke on the Water', '00:05:40');
INSERT INTO "public"."tracks"("albumid", "naam", "tijd") VALUES (17, 'Lazy', '00:07:19');
INSERT INTO "public"."tracks"("albumid", "naam", "tijd") VALUES (17, 'Space Truckin', '00:04:31');
INSERT INTO "public"."tracks"("albumid", "naam", "tijd") VALUES (18, 'War Pigs', '00:07:57');
INSERT INTO "public"."tracks"("albumid", "naam", "tijd") VALUES (18, 'Paranoid', '00:02:48');
INSERT INTO "public"."tracks"("albumid", "naam", "tijd") VALUES (18, 'Planet Caravan', '00:04:32');
INSERT INTO "public"."tracks"("albumid", "naam", "tijd") VALUES (18, 'Iron Man', '00:05:56');
INSERT INTO "public"."tracks"("albumid", "naam", "tijd") VALUES (18, 'Electric Funeral', '00:04:53');
INSERT INTO "public"."tracks"("albumid", "naam", "tijd") VALUES (18, 'Hand of Doom', '00:07:08');
INSERT INTO "public"."tracks"("albumid", "naam", "tijd") VALUES (18, 'Rat Salad', '00:02:30');
INSERT INTO "public"."tracks"("albumid", "naam", "tijd") VALUES (18, 'Fairies Wear Boots', '00:06:15');
INSERT INTO "public"."tracks"("albumid", "naam", "tijd") VALUES (19, 'Slip of the Tongue', '00:05:20');
INSERT INTO "public"."tracks"("albumid", "naam", "tijd") VALUES (19, 'Cheap an Nasty', '00:03:28');
INSERT INTO "public"."tracks"("albumid", "naam", "tijd") VALUES (19, 'Fool for Your Loving', '00:04:10');
INSERT INTO "public"."tracks"("albumid", "naam", "tijd") VALUES (19, 'Now You''re Gone', '00:04:11');
INSERT INTO "public"."tracks"("albumid", "naam", "tijd") VALUES (19, 'Kittens Got Claws', '00:05:00');
INSERT INTO "public"."tracks"("albumid", "naam", "tijd") VALUES (19, 'Wings of the Storm', '00:05:00');
INSERT INTO "public"."tracks"("albumid", "naam", "tijd") VALUES (19, 'The Deeper the Love', '00:04:22');
INSERT INTO "public"."tracks"("albumid", "naam", "tijd") VALUES (19, 'Judgment Day', '00:05:15');
INSERT INTO "public"."tracks"("albumid", "naam", "tijd") VALUES (19, 'Slow Poke Music', '00:03:59');
INSERT INTO "public"."tracks"("albumid", "naam", "tijd") VALUES (19, 'Sailing Ships', '00:06:02');
INSERT INTO "public"."tracks"("albumid", "naam", "tijd") VALUES (20, 'Hells Bells', '00:05:10');
INSERT INTO "public"."tracks"("albumid", "naam", "tijd") VALUES (20, 'Shoot to Thrill', '00:05:17');
INSERT INTO "public"."tracks"("albumid", "naam", "tijd") VALUES (20, 'What Do You Do for Money Honey', '00:03:33');
INSERT INTO "public"."tracks"("albumid", "naam", "tijd") VALUES (20, 'Givin the Dog a Bone', '00:03:30');
INSERT INTO "public"."tracks"("albumid", "naam", "tijd") VALUES (20, 'Let Me Put My Love into You', '00:04:16');
INSERT INTO "public"."tracks"("albumid", "naam", "tijd") VALUES (20, 'Back in Black', '00:04:15');
INSERT INTO "public"."tracks"("albumid", "naam", "tijd") VALUES (20, 'You Shook Me All Night Long', '00:03:30');
INSERT INTO "public"."tracks"("albumid", "naam", "tijd") VALUES (20, 'Have a Drink on Me', '00:03:57');
INSERT INTO "public"."tracks"("albumid", "naam", "tijd") VALUES (20, 'Shake a Leg', '00:04:06');
INSERT INTO "public"."tracks"("albumid", "naam", "tijd") VALUES (20, 'Rock and Roll Ain''t Noise Pollution', '00:04:15');
INSERT INTO "public"."tracks"("albumid", "naam", "tijd") VALUES (21, 'Invaders', '00:03:20');
INSERT INTO "public"."tracks"("albumid", "naam", "tijd") VALUES (21, 'Children Of The Damned', '00:04:34');
INSERT INTO "public"."tracks"("albumid", "naam", "tijd") VALUES (21, 'The Prisoner', '00:05:34');
INSERT INTO "public"."tracks"("albumid", "naam", "tijd") VALUES (21, '22 Acacia Avenue', '00:06:34');
INSERT INTO "public"."tracks"("albumid", "naam", "tijd") VALUES (21, 'The Number Of The Beast', '00:04:25');
INSERT INTO "public"."tracks"("albumid", "naam", "tijd") VALUES (21, 'Run To The Hills', '00:03:50');
INSERT INTO "public"."tracks"("albumid", "naam", "tijd") VALUES (21, 'Gangland', '00:03:46');
INSERT INTO "public"."tracks"("albumid", "naam", "tijd") VALUES (21, 'Hallowed Be Thy Name', '00:07:08');
INSERT INTO "public"."tracks"("albumid", "naam", "tijd") VALUES (22, 'Enter Sandman', '00:05:31');
INSERT INTO "public"."tracks"("albumid", "naam", "tijd") VALUES (22, 'Sad but True', '00:05:24');
INSERT INTO "public"."tracks"("albumid", "naam", "tijd") VALUES (22, 'Holier than Thou', '00:03:47');
INSERT INTO "public"."tracks"("albumid", "naam", "tijd") VALUES (22, 'The Unforgiven', '00:06:27');
INSERT INTO "public"."tracks"("albumid", "naam", "tijd") VALUES (22, 'Wherever I May Roam', '00:06:44');
INSERT INTO "public"."tracks"("albumid", "naam", "tijd") VALUES (22, 'Don''t Tread on Me', '00:04:00');
INSERT INTO "public"."tracks"("albumid", "naam", "tijd") VALUES (22, 'Through the Never', '00:04:04');
INSERT INTO "public"."tracks"("albumid", "naam", "tijd") VALUES (22, 'Nothing Else Matters', '00:06:28');
INSERT INTO "public"."tracks"("albumid", "naam", "tijd") VALUES (22, 'Of Wolf and Man', '00:04:16');
INSERT INTO "public"."tracks"("albumid", "naam", "tijd") VALUES (22, 'The God That Failed', '00:05:08');
INSERT INTO "public"."tracks"("albumid", "naam", "tijd") VALUES (22, 'My Friend of Misery', '00:06:49');
INSERT INTO "public"."tracks"("albumid", "naam", "tijd") VALUES (22, 'The Struggle Within', '00:03:53');
INSERT INTO "public"."tracks"("albumid", "naam", "tijd") VALUES (23, 'Welcome to the Jungle', '00:04:31');
INSERT INTO "public"."tracks"("albumid", "naam", "tijd") VALUES (23, 'It''s So Easy', '00:03:21');
INSERT INTO "public"."tracks"("albumid", "naam", "tijd") VALUES (23, 'Nightrain', '00:04:26');
INSERT INTO "public"."tracks"("albumid", "naam", "tijd") VALUES (23, 'Out ta Get Me', '00:04:20');
INSERT INTO "public"."tracks"("albumid", "naam", "tijd") VALUES (23, 'Mr. Brownstone', '00:03:46');
INSERT INTO "public"."tracks"("albumid", "naam", "tijd") VALUES (23, 'Paradise City', '00:06:46');
INSERT INTO "public"."tracks"("albumid", "naam", "tijd") VALUES (23, 'My Michelle', '00:03:39');
INSERT INTO "public"."tracks"("albumid", "naam", "tijd") VALUES (23, 'Think About You', '00:03:50');
INSERT INTO "public"."tracks"("albumid", "naam", "tijd") VALUES (23, 'Sweet Child o'' Mine', '00:05:55');
INSERT INTO "public"."tracks"("albumid", "naam", "tijd") VALUES (23, 'You''re Crazy', '00:03:16');
INSERT INTO "public"."tracks"("albumid", "naam", "tijd") VALUES (23, 'Anything Goes', '00:03:25');
INSERT INTO "public"."tracks"("albumid", "naam", "tijd") VALUES (23, 'Rocket Queen', '00:06:13');

commit;